judul,penulis,isbn_issn,nomor_panggil,ketersediaan_saat_dilihat,sumber
Harry Potter and the Sorcerer's Stone,J.K. Rowling,978-0-545-58288-9,823 ROW h 2013,1,https://opac.pknstan.ac.id/index.php?author=&page=131&search=Search
Handbook of Corporate Tax Planning,E. A. Srinivas,0-07-451936-0,336.2 SRI h 1989,1,https://opac.pknstan.ac.id/index.php?author=&page=131&search=Search
Garis Besar: Kesusasteraan Amerika,Kathryn Van Spanckeren,,820 KAT g 1994,1,https://opac.pknstan.ac.id/index.php?author=&page=131&search=Search
Reinvensi BUMN: Empat Strategi Membangun BUMN Kelas Dunia,Djokosantoso Moeljono,979-20-6142-8,658.4 DJO r 2006,1,https://opac.pknstan.ac.id/index.php?author=&page=131&search=Search
Analisis Jalur Untuk Riset Bisnis dengan SPSS,Jonathan Sarwono,979-763-689-X,658.83 JON a 2007,1,https://opac.pknstan.ac.id/index.php?author=&page=131&search=Search
Panduan Lengkap EYD ( Ejaan yang Disempurnakan),Suparlan,978-979-268-229-8,499.2215 SUP p 2016,1,https://opac.pknstan.ac.id/index.php?author=&page=131&search=Search
Melacak Kredit Bermasalah,As. Mahmoeddin,979-416-698-7,332.07 MAH m 2004,1,https://opac.pknstan.ac.id/index.php?author=&page=131&search=Search
Change Management untuk Birokrasi: Strategi Revitalisasi Birokrasi,Riant Nugroho,978-602-02-0981-4,352.3 RIA c 2013,1,https://opac.pknstan.ac.id/index.php?author=&page=131&search=Search
Pengantar Hukum Udara Nasional dan Internasional Bagian Pertama,K. Martono,978-979-769-124-0,343.097 MAR p 2007,1,https://opac.pknstan.ac.id/index.php?author=&page=131&search=Search
Manajemen Risiko Korporat Terintegrasi,Bramantya Djohanputro,979-442-171-5,658.155 BRA m 2006,1,https://opac.pknstan.ac.id/index.php?author=&page=131&search=Search
Desentralisasi Fiskal di Negara-Negara Berkembang,"Bird, Richard M.; Vaillancourt, Francois",9789796558230,336.3 BIR d 2000,3,https://opac.pknstan.ac.id/index.php?author=&page=131&search=Search
"Pengantar Kepabeanan, Imigrasi dan Karantina",Ryan Firdiansyah Suryawan,978-602-7523-83-8,304.82 RYA p 2016,2,https://opac.pknstan.ac.id/index.php?author=&page=131&search=Search
